Workbook

Sheet Baholar Jadvali
A1: O'QUVCHILAR BAHOLARI JADVALI
A3: № | B3: O'quvchi ismi | C3: Matematika | D3: Fizika | E3: Kimyo | F3: Biologiya | G3: Tarix | H3: O'rtacha baho
A4: 1 | B4: O'quvchi 1 | C4: 4.2 | D4: 2.9 | E4: 3.4 | F4: 3.3 | G4: 4.4 | H4: =AVERAGE(C4:G4) -> 3.64
A5: 2 | B5: O'quvchi 2 | C5: 4.3 | D5: 4.8 | E5: 3 | F5: 3.7 | G5: 2.9 | H5: =AVERAGE(C5:G5) -> 3.74
A6: 3 | B6: O'quvchi 3 | C6: 3.3 | D6: 3.9 | E6: 2.9 | F6: 3.2 | G6: 4.2 | H6: =AVERAGE(C6:G6) -> 3.5
A7: 4 | B7: O'quvchi 4 | C7: 4 | D7: 3.3 | E7: 4.1 | F7: 4.6 | G7: 2.8 | H7: =AVERAGE(C7:G7) -> 3.76
A8: 5 | B8: O'quvchi 5 | C8: 4.6 | D8: 4.3 | E8: 3.5 | F8: 3.1 | G8: 4.9 | H8: =AVERAGE(C8:G8) -> 4.08
A9: 6 | B9: O'quvchi 6 | C9: 3.5 | D9: 3 | E9: 3 | F9: 4.7 | G9: 4.1 | H9: =AVERAGE(C9:G9) -> 3.66
A10: 7 | B10: O'quvchi 7 | C10: 4.6 | D10: 4.4 | E10: 4 | F10: 4.9 | G10: 3.6 | H10: =AVERAGE(C10:G10) -> 4.3
A11: 8 | B11: O'quvchi 8 | C11: 4 | D11: 4.6 | E11: 4.2 | F11: 4.7 | G11: 4.1 | H11: =AVERAGE(C11:G11) -> 4.32
A12: 9 | B12: O'quvchi 9 | C12: 4.4 | D12: 2.9 | E12: 3.3 | F12: 3.4 | G12: 3 | H12: =AVERAGE(C12:G12) -> 3.4
A13: 10 | B13: O'quvchi 10 | C13: 3.3 | D13: 3 | E13: 3.4 | F13: 4.2 | G13: 3.6 | H13: =AVERAGE(C13:G13) -> 3.5
A14: 11 | B14: O'quvchi 11 | C14: 3.6 | D14: 3.3 | E14: 3.4 | F14: 4.9 | G14: 4.2 | H14: =AVERAGE(C14:G14) -> 3.88
A15: 12 | B15: O'quvchi 12 | C15: 4.1 | D15: 3.2 | E15: 4.4 | F15: 3.2 | G15: 3.6 | H15: =AVERAGE(C15:G15) -> 3.7
... A18: 15 | B18: O'quvchi 15 | C18: 3.3 | D18: 4.9 | E18: 4.7 | F18: 3.5 | G18: 4.2 | H18: =AVERAGE(C18:G18) -> 4.12
B19: Fan o'rtachasi | C19: =AVERAGE(C4:C18) -> 4.0466667 | D19: =AVERAGE(D4:D18) -> 3.7333333 | E19: =AVERAGE(E4:E18) -> 3.6133333 | F19: =AVERAGE(F4:F18) -> 3.9466667 | G19: =AVERAGE(G4:G18) -> 3.8466667 | H19: =AVERAGE(H4:H18) -> 3.8373333
B20: Eng yuqori baho | C20: =MAX(C4:C18) -> 5 | D20: =MAX(D4:D18) -> 4.9 | E20: =MAX(E4:E18) -> 4.7 | F20: =MAX(F4:F18) -> 4.9 | G20: =MAX(G4:G18) -> 4.9 | H20: =MAX(H4:H18) -> 4.44
B21: Eng past baho | C21: =MIN(C4:C18) -> 3.3 | D21: =MIN(D4:D18) -> 2.9 | E21: =MIN(E4:E18) -> 2.9 | F21: =MIN(F4:F18) -> 3.1 | G21: =MIN(G4:G18) -> 2.8 | H21: =MIN(H4:H18) -> 3.4
A23: SHARTLI FORMATLASH:
B24: 4.5 - 5.0: A'lo (Yashil)
B25: 3.5 - 4.4: Yaxshi (Sariq)
B26: 3.0 - 3.4: Qoniqarli (Qizil)

Sheet Diagramma
A1: Fan | B1: O'rtacha baho
A2: Matematika | B2: ='Baholar Jadvali'!C19 -> 4.0466667
A3: Fizika | B3: ='Baholar Jadvali'!D19 -> 3.7333333
A4: Kimyo | B4: ='Baholar Jadvali'!E19 -> 3.6133333
A5: Biologiya | B5: ='Baholar Jadvali'!F19 -> 3.9466667
A6: Tarix | B6: ='Baholar Jadvali'!G19 -> 3.8466667
