Workbook

Sheet Kitob Katalogi
A1: ID | B1: Kitob nomi | C1: Muallif | D1: Janr | E1: Narx (so'm) | F1: Soni | G1: Umumiy qiymat (so'm)
A2: 1 | B2: O'tkan kunlar | C2: G'afur G'ulom | D2: Roman | E2: 92900 | F2: 32 | G2: =E2*F2 -> 2972800
A3: 2 | B3: Kecha va kunduz | C3: Tog'ay Murod | D3: Tarix | E3: 92300 | F3: 87 | G3: =E3*F3 -> 8030100
A4: 3 | B4: Qutlug' qon | C4: Shayхzoda | D4: Ilmiy | E4: 77000 | F4: 5 | G4: =E4*F4 -> 385000
A5: 4 | B5: Men mard yigitni sevaman | C5: Abdulla Qodiriy | D5: Ilmiy | E5: 38000 | F5: 65 | G5: =E5*F5 -> 2470000
A6: 5 | B6: Ikki eshik orasi | C6: Fitrat | D6: Roman | E6: 73900 | F6: 92 | G6: =E6*F6 -> 6798800
A7: 6 | B7: Sarob | C7: Shayхzoda | D7: Badiiy | E7: 38100 | F7: 76 | G7: =E7*F7 -> 2895600
A8: 7 | B8: Nur qidirib | C8: Ulmas Umarbekov | D8: Roman | E8: 94700 | F8: 21 | G8: =E8*F8 -> 1988700
A9: 8 | B9: Ulug'bek xazinasi | C9: Hamid Olimjon | D9: Darslik | E9: 44200 | F9: 28 | G9: =E9*F9 -> 1237600
A10: 9 | B10: Shum bola | C10: Nодир Норматов | D10: Ilmiy | E10: 24700 | F10: 13 | G10: =E10*F10 -> 321100
A11: 10 | B11: Daftar hoshiyasidagi bitiklar | C11: Zulfiya | D11: Darslik | E11: 78400 | F11: 6 | G11: =E11*F11 -> 470400
A12: 11 | B12: Yulduzli tunlar | C12: Sobir Mirvaliyev | D12: Biografiya | E12: 28100 | F12: 49 | G12: =E12*F12 -> 1376900
A13: 12 | B13: Boqiy darbadar | C13: Oybek | D13: Biografiya | E13: 45800 | F13: 81 | G13: =E13*F13 -> 3709800
... A51: 50 | B51: Buyuk orzu | C51: Cho'lpon | D51: Falsafa | E51: 22100 | F51: 5 | G51: =E51*F51 -> 110500
A52: JAMI | F52: =SUM(F2:F51) -> 2768 | G52: =SUM(G2:G51) -> 168348100

Sheet ID bo'yicha Qidirish
A1: 📚 KITOB ID BO'YICHA QIDIRISH
A3: Kitob ID kiriting: | C3: 1
A5: Kitob ID | C5: =IF(ISNUMBER(C3),IFERROR(VLOOKUP(C3,'Kitob Katalogi'!A:G,1,0),"Topilmadi"),"—") -> 1
A6: Kitob nomi | C6: =IF(ISNUMBER(C3),IFERROR(VLOOKUP(C3,'Kitob Katalogi'!A:G,2,0),"Topilmadi"),"—") -> O'tkan kunlar
A7: Muallif | C7: =IF(ISNUMBER(C3),IFERROR(VLOOKUP(C3,'Kitob Katalogi'!A:G,3,0),"Topilmadi"),"—") -> G'afur G'ulom
A8: Janr | C8: =IF(ISNUMBER(C3),IFERROR(VLOOKUP(C3,'Kitob Katalogi'!A:G,4,0),"Topilmadi"),"—") -> Roman
A9: Narx (so'm) | C9: =IF(ISNUMBER(C3),IFERROR(VLOOKUP(C3,'Kitob Katalogi'!A:G,5,0),"Topilmadi"),"—") -> 92900
A10: Soni | C10: =IF(ISNUMBER(C3),IFERROR(VLOOKUP(C3,'Kitob Katalogi'!A:G,6,0),"Topilmadi"),"—") -> 32
A11: Umumiy qiymat | C11: =IF(ISNUMBER(C3),IFERROR(VLOOKUP(C3,'Kitob Katalogi'!A:G,7,0),"Topilmadi"),"—") -> 2972800

Sheet Narx Saralash
A1: 💰 NARX BO'YICHA SARALANGAN KATALOG (ARZON → QIMMAT)
A2: ID | B2: Kitob nomi | C2: Muallif | D2: Janr | E2: Narx (so'm) | F2: Soni | G2: Umumiy qiymat (so'm)
A3: 33 | B3: Iztiroblar | C3: Abdulla Oripov | D3: Detektiv | E3: 15300 | F3: 93 | G3: =E3*F3 -> 1422900
A4: 29 | B4: Qalbim qo'shig'i | C4: Hamid Olimjon | D4: Fantastika | E4: 21700 | F4: 49 | G4: =E4*F4 -> 1063300
A5: 22 | B5: Sevgi va nafrat | C5: Mirmuhsin | D5: She'riyat | E5: 21900 | F5: 73 | G5: =E5*F5 -> 1598700
A6: 50 | B6: Buyuk orzu | C6: Cho'lpon | D6: Falsafa | E6: 22100 | F6: 5 | G6: =E6*F6 -> 110500
A7: 49 | B7: Intilish | C7: Tog'ay Murod | D7: Roman | E7: 22500 | F7: 81 | G7: =E7*F7 -> 1822500
A8: 9 | B8: Shum bola | C8: Nодир Норматов | D8: Ilmiy | E8: 24700 | F8: 13 | G8: =E8*F8 -> 321100
A9: 32 | B9: Yoshlik yillari | C9: Ulmas Umarbekov | D9: Darslik | E9: 26700 | F9: 56 | G9: =E9*F9 -> 1495200
A10: 11 | B10: Yulduzli tunlar | C10: Sobir Mirvaliyev | D10: Biografiya | E10: 28100 | F10: 49 | G10: =E10*F10 -> 1376900
A11: 42 | B11: Tun va tong | C11: Shayхzoda | D11: Tarix | E11: 28500 | F11: 61 | G11: =E11*F11 -> 1738500
A12: 28 | B12: Ona yurt | C12: Cho'lpon | D12: Ilmiy | E12: 31000 | F12: 21 | G12: =E12*F12 -> 651000
A13: 36 | B13: Hayot sirlari | C13: Fitrat | D13: Falsafa | E13: 31000 | F13: 98 | G13: =E13*F13 -> 3038000
A14: 19 | B14: Mehr yurti | C14: Shayхzoda | D14: Falsafa | E14: 32200 | F14: 49 | G14: =E14*F14 -> 1577800
... A52: 37 | B52: Umr yo'li | C52: Abdulla Oripov | D52: Biografiya | E52: 115100 | F52: 68 | G52: =E52*F52 -> 7826800
A53: JAMI | F53: =SUM(F3:F52) -> 2768 | G53: =SUM(G3:G52) -> 168348100

Sheet Statistika
A1: 📊 KATALOG STATISTIKASI
A3: Jami kitob turlari | C3: =COUNTA('Kitob Katalogi'!A2:A51) -> 50
A4: Jami kitoblar soni | C4: =SUM('Kitob Katalogi'!F2:F51) -> 2768
A5: Jami qiymat (so'm) | C5: =SUM('Kitob Katalogi'!G2:G51) -> 168348100
A6: O'rtacha narx (so'm) | C6: =AVERAGE('Kitob Katalogi'!E2:E51) -> 61294
A7: Eng arzon narx (so'm) | C7: =MIN('Kitob Katalogi'!E2:E51) -> 15300
A8: Eng qimmat narx (so'm) | C8: =MAX('Kitob Katalogi'!E2:E51) -> 115100
A9: O'rtacha soni | C9: =AVERAGE('Kitob Katalogi'!F2:F51) -> 55.36
